"DESCRIPTION","DURATION IN MS","NAME","PARENT SUITE","START TIME","STATUS","STOP TIME","SUB SUITE","SUITE","TEST CLASS","TEST METHOD"
"","30220","Verify if user able to see the output in console","","Tue Aug 20 11:09:09 IST 2024","passed","Tue Aug 20 11:09:39 IST 2024","","Graph","Verify if user able to see the output in console",""
"","15934","Verify if user able to direct to ""Implementation Page""","","Tue Aug 20 08:52:02 IST 2024","passed","Tue Aug 20 08:52:18 IST 2024","","Stack","Verify if user able to direct to ""Implementation Page""",""
"","22808","Verify if user able to see the output in console","","Tue Aug 20 08:53:55 IST 2024","passed","Tue Aug 20 08:54:18 IST 2024","","Stack","Verify if user able to see the output in console",""
"","10287","Verify if user able to register with valid username and other fields empty","","Tue Aug 20 08:44:45 IST 2024","passed","Tue Aug 20 08:44:55 IST 2024","","Register","Verify if user able to register with valid username and other fields empty",""
"","49337","Verify if user to see the error msg in pop up window","","Tue Aug 20 11:11:29 IST 2024","passed","Tue Aug 20 11:12:19 IST 2024","","Graph","Verify if user to see the error msg in pop up window",""
"","14814","Verify if user able to register with different passwords in password and password confirmation fields","","Tue Aug 20 08:45:36 IST 2024","passed","Tue Aug 20 08:45:51 IST 2024","","Register","Verify if user able to register with different passwords in password and password confirmation fields",""
"","18334","Verify if user able to redirect to a page having an tryEditor with a Run button to test","","Tue Aug 20 08:53:36 IST 2024","passed","Tue Aug 20 08:53:55 IST 2024","","Stack","Verify if user able to redirect to a page having an tryEditor with a Run button to test",""
"","22220","Verify if user able to see the error msg in pop up window","","Tue Aug 20 08:51:40 IST 2024","passed","Tue Aug 20 08:52:02 IST 2024","","Stack","Verify if user able to see the error msg in pop up window",""
"","19554","Verify if user able to direct to ""Graph Representations"" page","","Tue Aug 20 11:10:11 IST 2024","passed","Tue Aug 20 11:10:30 IST 2024","","Graph","Verify if user able to direct to ""Graph Representations"" page",""
"","9796","Verify if user able to register with numeric data in password","","Tue Aug 20 08:45:15 IST 2024","failed","Tue Aug 20 08:45:25 IST 2024","","Register","Verify if user able to register with numeric data in password",""
"","14375","Verify if user able to register with valid data","","Tue Aug 20 08:45:51 IST 2024","failed","Tue Aug 20 08:46:05 IST 2024","","Register","Verify if user able to register with valid data",""
"","10074","Verify if user able to register with special characters in username","","Tue Aug 20 08:45:05 IST 2024","failed","Tue Aug 20 08:45:15 IST 2024","","Register","Verify if user able to register with special characters in username",""
"","9748","Verify if user able to register with valid username and valid password but other field empty","","Tue Aug 20 08:44:56 IST 2024","passed","Tue Aug 20 08:45:05 IST 2024","","Register","Verify if user able to register with valid username and valid password but other field empty",""
"","19077","Verify if user able to direct to ""Operations in Stack"" Page","","Tue Aug 20 08:50:40 IST 2024","passed","Tue Aug 20 08:51:00 IST 2024","","Stack","Verify if user able to direct to ""Operations in Stack"" Page",""
"","32038","Verify if user able to see the output in console","","Tue Aug 20 11:10:57 IST 2024","passed","Tue Aug 20 11:11:29 IST 2024","","Graph","Verify if user able to see the output in console",""
"","23486","Verify if user able to see the output in console","","Tue Aug 20 08:52:37 IST 2024","passed","Tue Aug 20 08:53:01 IST 2024","","Stack","Verify if user able to see the output in console",""
"","22294","Verify if user able to see the output in console","","Tue Aug 20 08:51:17 IST 2024","passed","Tue Aug 20 08:51:40 IST 2024","","Stack","Verify if user able to see the output in console",""
"","19359","Verify if user able to direct to ""Graph"" Page","","Tue Aug 20 11:08:29 IST 2024","passed","Tue Aug 20 11:08:48 IST 2024","","Graph","Verify if user able to direct to ""Graph"" Page",""
"","21245","Verify if user able to see the error msg in pop up window","","Tue Aug 20 08:53:01 IST 2024","passed","Tue Aug 20 08:53:22 IST 2024","","Stack","Verify if user able to see the error msg in pop up window",""
"","26607","Verify if user able to redirect to a page having an tryEditor with a Run button to test","","Tue Aug 20 11:10:31 IST 2024","passed","Tue Aug 20 11:10:57 IST 2024","","Graph","Verify if user able to redirect to a page having an tryEditor with a Run button to test",""
"","20516","Verify if user able to redirect to a page having an tryEditor with a Run button to test","","Tue Aug 20 11:08:48 IST 2024","passed","Tue Aug 20 11:09:09 IST 2024","","Graph","Verify if user able to redirect to a page having an tryEditor with a Run button to test",""
"","31654","Verify if user able to see the error msg in pop up window","","Tue Aug 20 11:09:39 IST 2024","passed","Tue Aug 20 11:10:11 IST 2024","","Graph","Verify if user able to see the error msg in pop up window",""
"","20812","Verify if user to see the error msg in pop up window","","Tue Aug 20 08:54:18 IST 2024","passed","Tue Aug 20 08:54:38 IST 2024","","Stack","Verify if user to see the error msg in pop up window",""
"","26116","The user is able to click and navigate to ""Practice Questions""","","Tue Aug 20 11:12:19 IST 2024","passed","Tue Aug 20 11:12:45 IST 2024","","Graph","The user is able to click and navigate to ""Practice Questions""",""
"","13764","Verify if user able to register with all empty fields","","Tue Aug 20 08:44:31 IST 2024","passed","Tue Aug 20 08:44:45 IST 2024","","Register","Verify if user able to register with all empty fields",""
"","15715","The user is able to click and navigate to ""Practice Questions""","","Tue Aug 20 08:54:38 IST 2024","passed","Tue Aug 20 08:54:54 IST 2024","","Stack","The user is able to click and navigate to ""Practice Questions""",""
"","10404","Verify if user able to register with password less than 8","","Tue Aug 20 08:45:25 IST 2024","failed","Tue Aug 20 08:45:36 IST 2024","","Register","Verify if user able to register with password less than 8",""
"","17692","Verify if user able to redirect to a page having an tryEditor with a Run button to test","","Tue Aug 20 08:51:00 IST 2024","passed","Tue Aug 20 08:51:17 IST 2024","","Stack","Verify if user able to redirect to a page having an tryEditor with a Run button to test",""
"","14459","Verify if user able to direct to ""Applications Page""","","Tue Aug 20 08:53:22 IST 2024","passed","Tue Aug 20 08:53:36 IST 2024","","Stack","Verify if user able to direct to ""Applications Page""",""
"","19099","Verify if user able to redirect to a page having an tryEditor with a Run button to test","","Tue Aug 20 08:52:18 IST 2024","passed","Tue Aug 20 08:52:37 IST 2024","","Stack","Verify if user able to redirect to a page having an tryEditor with a Run button to test",""
